{"cameraMode":{"drawMode":0,"name":"Shaded","section":"Shading Mode"},"sceneLighting":false,"audioPlay":false,"sceneViewState":{"m_AlwaysRefresh":false,"showFog":true,"showSkybox":false,"showFlares":true,"showImageEffects":true,"showParticleSystems":true,"showVisualEffectGraphs":true,"m_FxEnabled":true},"in2DMode":false,"pivot":{"x":61.335418701171878,"y":0.5883855819702148,"z":-0.88153076171875},"rotation":{"x":0.08798398822546005,"y":-0.04570828378200531,"z":-0.004041763488203287,"w":-0.9950676560401917},"size":13.512258529663086,"orthographic":false}